delivery_id,order_id,delivery_status,delivery_time,rider_id
1,6001,Delivered,00:44:11,1
2,6002,Delivered,00:14:07,2
3,6003,Delivered,00:19:46,3
4,6004,Not Delivered,00:00:00,4
5,6005,Delivered,00:29:29,5
6,6006,Delivered,00:49:17,6
7,6007,Delivered,00:31:01,7
8,6008,In Transit,00:25:04,8
9,6009,Delivered,00:23:13,9
10,6010,Delivered,00:18:25,10
11,6011,Delivered,00:38:01,11
12,6012,Delivered,00:16:31,12
13,6013,Delivered,00:41:53,13
14,6014,Delivered,00:43:26,14
15,6015,Delivered,00:25:00,15
16,6016,Delivered,00:50:57,16
17,6017,Delivered,00:16:42,17
18,6018,In Transit,00:12:49,18
19,6019,Delivered,00:31:45,19
20,6020,Delivered,00:32:46,20
21,6021,Delivered,00:44:12,21
22,6022,In Transit,00:18:01,22
23,6023,Delivered,00:31:55,23
24,6024,Delivered,00:26:15,24
25,6025,Delivered,00:42:51,25
26,6026,Delivered,00:14:41,26
27,6027,Delivered,00:16:55,27
28,6028,Delivered,00:50:53,28
29,6029,Delivered,00:41:35,29
30,6030,Delivered,00:45:50,30
31,6031,Delivered,00:28:45,31
32,6032,Not Delivered,00:00:00,32
33,6033,Delivered,00:17:18,33
34,6034,Delivered,00:37:05,34
35,6035,In Transit,00:21:29,1
36,6036,Delivered,00:44:34,2
37,6037,Delivered,00:24:23,3
38,6038,Delivered,00:37:46,4
39,6039,Delivered,00:49:34,5
40,6040,Not Delivered,00:00:00,6
41,6041,Delivered,00:23:20,7
42,6042,Delivered,00:36:26,8
43,6043,Delivered,00:25:37,9
44,6044,Delivered,00:39:23,10
45,6045,Delivered,00:43:22,11
46,6046,Delivered,00:32:09,12
47,6047,Delivered,00:45:43,13
48,6048,Delivered,00:48:26,14
49,6049,Not Delivered,00:00:00,15
50,6050,Delivered,00:37:27,16
51,6051,In Transit,00:12:38,17
52,6052,Delivered,00:30:56,18
53,6053,Delivered,00:22:21,19
54,6054,Not Delivered,00:00:00,20
55,6055,Delivered,00:36:41,21
56,6056,Delivered,00:43:28,22
57,6057,Delivered,00:48:55,23
58,6058,Delivered,00:24:56,24
59,6059,Delivered,00:16:21,25
60,6060,Delivered,00:46:58,26
61,6061,Delivered,00:23:38,27
62,6062,Delivered,00:35:34,28
63,6063,Delivered,00:24:54,29
64,6064,In Transit,00:14:52,30
65,6065,Delivered,00:27:52,31
66,6066,Delivered,00:39:05,32
67,6067,Not Delivered,00:00:00,33
68,6068,Not Delivered,00:00:00,34
69,6069,In Transit,00:23:56,1
70,6070,Delivered,00:21:32,2
71,6071,Delivered,00:48:02,3
72,6072,Delivered,00:47:06,4
73,6073,Delivered,00:50:00,5
74,6074,Not Delivered,00:00:00,6
75,6075,Delivered,00:30:59,7
76,6076,Delivered,00:49:42,8
77,6077,Delivered,00:24:47,9
78,6078,Not Delivered,00:00:00,10
79,6079,Delivered,00:28:43,11
80,6080,Delivered,00:35:31,12
81,6081,Delivered,00:21:20,13
82,6082,Not Delivered,00:00:00,14
83,6083,In Transit,00:21:35,15
84,6084,Delivered,00:39:33,16
85,6085,Delivered,00:39:14,17
86,6086,Delivered,00:50:22,18
87,6087,In Transit,00:23:44,19
88,6088,Delivered,00:20:14,20
89,6089,Delivered,00:43:09,21
90,6090,Delivered,00:26:45,22
91,6091,Delivered,00:14:57,23
92,6092,Delivered,00:46:51,24
93,6093,Delivered,00:20:31,25
94,6094,Delivered,00:23:58,26
95,6095,Delivered,00:18:44,27
96,6096,Delivered,00:33:15,28
97,6097,Delivered,00:39:19,29
98,6098,Delivered,00:27:34,30
99,6099,Delivered,00:20:52,31
100,6100,Delivered,00:26:01,32
101,6101,Delivered,00:15:01,33
102,6102,Delivered,00:32:07,34
103,6103,Delivered,00:27:11,1
104,6104,Delivered,00:18:04,2
105,6105,Delivered,00:30:28,3
106,6106,In Transit,00:13:27,4
107,6107,Delivered,00:36:42,5
108,6108,Delivered,00:39:00,6
109,6109,In Transit,00:19:21,7
110,6110,Delivered,00:38:23,8
111,6111,Delivered,00:27:19,9
112,6112,Delivered,00:41:39,10
113,6113,In Transit,00:25:40,11
114,6114,Not Delivered,00:00:00,12
115,6115,Delivered,00:16:43,13
116,6116,Delivered,00:45:02,14
117,6117,Delivered,00:45:20,15
118,6118,Not Delivered,00:00:00,16
119,6119,Delivered,00:36:01,17
120,6120,Delivered,00:30:44,18
121,6121,Delivered,00:44:55,19
122,6122,Delivered,00:38:48,20
123,6123,Delivered,00:48:49,21
124,6124,Delivered,00:20:27,22
125,6125,In Transit,00:21:43,23
126,6126,In Transit,00:25:01,24
127,6127,Delivered,00:38:02,25
128,6128,In Transit,00:25:48,26
129,6129,Delivered,00:19:30,27
130,6130,Delivered,00:30:34,28
131,6131,Delivered,00:19:05,29
132,6132,Delivered,00:29:46,30
133,6133,Delivered,00:20:29,31
134,6134,Delivered,00:38:47,32
135,6135,Not Delivered,00:00:00,33
136,6136,In Transit,00:20:15,34
137,6137,Delivered,00:44:02,1
138,6138,Delivered,00:34:19,2
139,6139,Delivered,00:49:49,3
140,6140,Delivered,00:42:13,4
141,6141,Delivered,00:40:06,5
142,6142,Delivered,00:14:43,6
143,6143,Delivered,00:22:37,7
144,6144,Delivered,00:15:59,8
145,6145,In Transit,00:24:04,9
146,6146,Not Delivered,00:00:00,10
147,6147,Delivered,00:46:11,11
148,6148,Delivered,00:43:17,12
149,6149,Delivered,00:50:24,13
150,6150,Delivered,00:48:41,14
151,6151,Not Delivered,00:00:00,15
152,6152,Delivered,00:17:16,16
153,6153,Delivered,00:21:44,17
154,6154,Delivered,00:47:31,18
155,6155,Delivered,00:25:57,19
156,6156,Delivered,00:42:18,20
157,6157,Delivered,00:24:02,21
158,6158,Not Delivered,00:00:00,22
159,6159,In Transit,00:19:38,23
160,6160,Delivered,00:35:27,24
161,6161,Delivered,00:21:43,25
162,6162,Delivered,00:23:53,26
163,6163,In Transit,00:12:12,27
164,6164,Delivered,00:44:31,28
165,6165,Delivered,00:29:00,29
166,6166,Delivered,00:38:49,30
167,6167,Delivered,00:25:49,31
168,6168,Delivered,00:38:02,32
169,6169,Delivered,00:33:11,33
170,6170,Delivered,00:28:21,34
171,6171,Delivered,00:45:14,1
172,6172,Delivered,00:42:51,2
173,6173,Delivered,00:21:06,3
174,6174,Delivered,00:24:08,4
175,6175,Delivered,00:22:47,5
176,6176,Not Delivered,00:00:00,6
177,6177,Delivered,00:50:01,7
178,6178,Delivered,00:42:31,8
179,6179,In Transit,00:21:50,9
180,6180,Delivered,00:41:01,10
181,6181,Delivered,00:47:57,11
182,6182,In Transit,00:21:40,12
183,6183,Delivered,00:48:06,13
184,6184,Delivered,00:40:30,14
185,6185,Delivered,00:16:17,15
186,6186,Delivered,00:41:35,16
187,6187,Delivered,00:41:04,17
188,6188,Delivered,00:18:05,18
189,6189,Delivered,00:30:56,19
190,6190,Delivered,00:36:30,20
191,6191,Delivered,00:39:32,21
192,6192,Delivered,00:29:58,22
193,6193,Not Delivered,00:00:00,23
194,6194,Delivered,00:22:07,24
195,6195,Delivered,00:15:10,25
196,6196,Delivered,00:19:36,26
197,6197,Delivered,00:25:42,27
198,6198,Delivered,00:26:28,28
199,6199,Not Delivered,00:00:00,29
200,6200,Delivered,00:48:23,30
201,6201,Delivered,00:49:16,31
202,6202,Delivered,00:44:04,32
203,6203,Delivered,00:25:37,33
204,6204,Delivered,00:40:07,34
205,6205,Delivered,00:49:02,1
206,6206,Delivered,00:28:12,2
207,6207,Not Delivered,00:00:00,3
208,6208,Not Delivered,00:00:00,4
209,6209,Delivered,00:23:19,5
210,6210,Delivered,00:22:47,6
211,6211,Delivered,00:39:00,7
212,6212,Delivered,00:37:03,8
213,6213,Delivered,00:46:50,9
214,6214,Delivered,00:14:07,10
215,6215,Delivered,00:47:42,11
216,6216,Delivered,00:31:37,12
217,6217,Delivered,00:47:00,13
218,6218,Delivered,00:33:56,14
219,6219,Delivered,00:22:20,15
220,6220,In Transit,00:17:55,16
221,6221,In Transit,00:25:51,17
222,6222,Delivered,00:27:12,18
223,6223,Delivered,00:44:30,19
224,6224,Delivered,00:44:13,20
225,6225,Delivered,00:20:11,21
226,6226,Delivered,00:38:35,22
227,6227,Delivered,00:48:54,23
228,6228,Delivered,00:18:09,24
229,6229,Delivered,00:22:54,25
230,6230,Not Delivered,00:00:00,26
231,6231,Delivered,00:46:09,27
232,6232,Delivered,00:18:30,28
233,6233,Delivered,00:46:04,29
234,6234,Delivered,00:50:10,30
235,6235,Not Delivered,00:00:00,31
236,6236,In Transit,00:17:40,32
237,6237,Delivered,00:40:53,33
238,6238,Not Delivered,00:00:00,34
239,6239,Delivered,00:37:14,1
240,6240,Delivered,00:30:26,2
241,6241,Delivered,00:17:48,3
242,6242,Not Delivered,00:00:00,4
243,6243,Delivered,00:41:02,5
244,6244,Delivered,00:34:49,6
245,6245,Delivered,00:39:01,7
246,6246,Delivered,00:26:42,8
247,6247,Delivered,00:37:25,9
248,6248,Delivered,00:42:38,10
249,6249,Delivered,00:28:47,11
250,6250,Delivered,00:22:30,12
251,6251,Delivered,00:46:56,13
252,6252,Delivered,00:40:41,14
253,6253,Delivered,00:24:15,15
254,6254,Delivered,00:47:18,16
255,6255,Delivered,00:45:49,17
256,6256,Delivered,00:18:27,18
257,6257,Delivered,00:15:26,19
258,6258,Delivered,00:18:35,20
259,6259,Delivered,00:19:45,21
260,6260,Delivered,00:23:49,22
261,6261,Delivered,00:16:23,23
262,6262,Delivered,00:31:25,24
263,6263,Delivered,00:31:29,25
264,6264,Delivered,00:35:19,26
265,6265,Delivered,00:48:38,27
266,6266,Delivered,00:34:58,28
267,6267,Delivered,00:33:54,29
268,6268,Delivered,00:44:32,30
269,6269,In Transit,00:25:24,31
270,6270,Delivered,00:49:59,32
271,6271,Delivered,00:50:08,33
272,6272,Delivered,00:44:21,34
273,6273,In Transit,00:12:44,1
274,6274,Delivered,00:45:21,2
275,6275,Delivered,00:48:33,3
276,6276,Not Delivered,00:00:00,4
277,6277,Delivered,00:18:16,5
278,6278,Delivered,00:31:59,6
279,6279,Delivered,00:31:55,7
280,6280,Not Delivered,00:00:00,8
281,6281,Delivered,00:32:38,9
282,6282,Delivered,00:46:14,10
283,6283,Delivered,00:34:59,11
284,6284,Delivered,00:34:58,12
285,6285,Delivered,00:29:36,13
286,6286,Delivered,00:26:22,14
287,6287,Delivered,00:33:12,15
288,6288,In Transit,00:20:33,16
289,6289,Delivered,00:40:17,17
290,6290,Delivered,00:30:38,18
291,6291,Delivered,00:41:42,19
292,6292,Delivered,00:26:49,20
293,6293,In Transit,00:14:51,21
294,6294,Not Delivered,00:00:00,22
295,6295,Delivered,00:32:12,23
296,6296,Delivered,00:37:45,24
297,6297,Delivered,00:48:35,25
298,6298,Delivered,00:34:13,26
299,6299,Delivered,00:43:37,27
300,6300,Delivered,00:47:11,28
301,6301,Delivered,00:21:46,29
302,6302,Not Delivered,00:00:00,30
303,6303,In Transit,00:19:40,31
304,6304,In Transit,00:17:13,32
305,6305,Delivered,00:35:11,33
306,6306,Delivered,00:45:23,34
307,6307,Not Delivered,00:00:00,1
308,6308,Delivered,00:29:25,2
309,6309,Delivered,00:44:45,3
310,6310,In Transit,00:18:59,4
311,6311,Delivered,00:50:29,5
312,6312,Delivered,00:48:21,6
313,6313,Delivered,00:23:16,7
314,6314,Delivered,00:18:16,8
315,6315,Delivered,00:21:24,9
316,6316,Delivered,00:49:25,10
317,6317,In Transit,00:10:04,11
318,6318,Delivered,00:26:51,12
319,6319,In Transit,00:18:59,13
320,6320,Delivered,00:45:29,14
321,6321,Delivered,00:49:37,15
322,6322,Delivered,00:31:32,16
323,6323,Delivered,00:50:26,17
324,6324,Delivered,00:26:17,18
325,6325,Delivered,00:17:27,19
326,6326,In Transit,00:25:38,20
327,6327,Delivered,00:20:30,21
328,6328,Delivered,00:41:24,22
329,6329,Delivered,00:34:07,23
330,6330,In Transit,00:14:11,24
331,6331,Delivered,00:21:23,25
332,6332,Delivered,00:17:02,26
333,6333,Delivered,00:18:17,27
334,6334,Delivered,00:20:35,28
335,6335,Delivered,00:48:17,29
336,6336,Delivered,00:22:50,30
337,6337,Delivered,00:20:59,31
338,6338,Delivered,00:41:13,32
339,6339,Delivered,00:16:57,33
340,6340,Delivered,00:50:03,34
341,6341,Delivered,00:14:07,1
342,6342,Delivered,00:35:39,2
343,6343,Delivered,00:31:18,3
344,6344,Delivered,00:41:15,4
345,6345,Delivered,00:28:14,5
346,6346,Not Delivered,00:00:00,6
347,6347,Not Delivered,00:00:00,7
348,6348,Delivered,00:50:48,8
349,6349,Delivered,00:31:59,9
350,6350,In Transit,00:21:53,10
351,6351,Delivered,00:29:09,11
352,6352,Not Delivered,00:00:00,12
353,6353,Delivered,00:15:35,13
354,6354,Delivered,00:34:48,14
355,6355,Not Delivered,00:00:00,15
356,6356,Delivered,00:28:10,16
357,6357,Delivered,00:38:13,17
358,6358,Delivered,00:48:39,18
359,6359,Delivered,00:15:10,19
360,6360,Delivered,00:19:36,20
361,6361,Delivered,00:31:51,21
362,6362,Delivered,00:45:07,22
363,6363,Delivered,00:20:15,23
364,6364,In Transit,00:23:14,24
365,6365,Delivered,00:29:29,25
366,6366,Delivered,00:24:57,26
367,6367,Delivered,00:25:58,27
368,6368,Delivered,00:28:17,28
369,6369,In Transit,00:13:00,29
370,6370,Delivered,00:29:42,30
371,6371,Delivered,00:33:27,31
372,6372,Delivered,00:38:28,32
373,6373,Not Delivered,00:00:00,33
374,6374,Delivered,00:27:14,34
375,6375,Delivered,00:20:54,1
376,6376,Delivered,00:19:26,2
377,6377,In Transit,00:24:28,3
378,6378,Delivered,00:23:47,4
379,6379,Delivered,00:38:54,5
380,6380,Delivered,00:38:01,6
381,6381,In Transit,00:18:13,7
382,6382,Delivered,00:45:27,8
383,6383,Delivered,00:47:21,9
384,6384,Delivered,00:34:01,10
385,6385,Delivered,00:45:32,11
386,6386,Delivered,00:38:53,12
387,6387,Not Delivered,00:00:00,13
388,6388,Delivered,00:42:38,14
389,6389,Delivered,00:27:23,15
390,6390,Delivered,00:23:45,16
391,6391,Delivered,00:18:38,17
392,6392,Delivered,00:38:10,18
393,6393,Delivered,00:39:13,19
394,6394,Delivered,00:27:20,20
395,6395,Delivered,00:36:25,21
396,6396,Delivered,00:31:15,22
397,6397,Delivered,00:32:57,23
398,6398,In Transit,00:17:24,24
399,6399,Not Delivered,00:00:00,25
400,6400,Not Delivered,00:00:00,26
401,6401,Delivered,00:44:01,27
402,6402,Delivered,00:50:15,28
403,6403,Delivered,00:18:28,29
404,6404,Delivered,00:15:24,30
405,6405,Delivered,00:50:22,31
406,6406,Not Delivered,00:00:00,32
407,6407,Delivered,00:37:24,33
408,6408,Delivered,00:15:31,34
409,6409,In Transit,00:23:46,1
410,6410,Delivered,00:42:58,2
411,6411,Delivered,00:41:05,3
412,6412,Not Delivered,00:00:00,4
413,6413,Delivered,00:41:16,5
414,6414,In Transit,00:21:14,6
415,6415,Delivered,00:31:23,7
416,6416,Delivered,00:30:30,8
417,6417,Delivered,00:24:10,9
418,6418,Delivered,00:28:54,10
419,6419,Delivered,00:47:38,11
420,6420,Delivered,00:47:51,12
421,6421,Delivered,00:26:54,13
422,6422,Delivered,00:16:24,14
423,6423,Delivered,00:37:03,15
424,6424,Delivered,00:28:05,16
425,6425,Delivered,00:24:05,17
426,6426,In Transit,00:11:16,18
427,6427,In Transit,00:12:33,19
428,6428,Delivered,00:30:28,20
429,6429,Delivered,00:23:18,21
430,6430,Delivered,00:23:54,22
431,6431,Delivered,00:41:17,23
432,6432,Delivered,00:25:14,24
433,6433,Delivered,00:40:19,25
434,6434,Delivered,00:24:33,26
435,6435,Delivered,00:18:14,27
436,6436,Delivered,00:19:39,28
437,6437,Not Delivered,00:00:00,29
438,6438,Delivered,00:17:36,30
439,6439,Delivered,00:25:18,31
440,6440,Not Delivered,00:00:00,32
441,6441,Delivered,00:49:30,33
442,6442,Delivered,00:41:57,34
443,6443,In Transit,00:15:15,1
444,6444,Delivered,00:15:51,2
445,6445,Delivered,00:26:38,3
446,6446,In Transit,00:12:04,4
447,6447,Delivered,00:20:17,5
448,6448,Delivered,00:25:34,6
449,6449,Delivered,00:21:49,7
450,6450,Not Delivered,00:00:00,8
451,6451,Delivered,00:43:35,9
452,6452,Delivered,00:37:46,10
453,6453,Delivered,00:25:09,11
454,6454,Delivered,00:48:59,12
455,6455,Delivered,00:25:15,13
456,6456,Delivered,00:14:20,14
457,6457,Delivered,00:24:49,15
458,6458,Delivered,00:31:32,16
459,6459,Delivered,00:15:32,17
460,6460,Delivered,00:46:57,18
461,6461,Delivered,00:17:25,19
462,6462,Delivered,00:22:10,20
463,6463,In Transit,00:11:30,21
464,6464,Delivered,00:23:54,22
465,6465,In Transit,00:14:15,23
466,6466,Delivered,00:37:36,24
467,6467,In Transit,00:18:29,25
468,6468,Not Delivered,00:00:00,26
469,6469,Delivered,00:29:29,27
470,6470,Delivered,00:25:45,28
471,6471,Delivered,00:21:45,29
472,6472,Delivered,00:29:10,30
473,6473,Delivered,00:16:04,31
474,6474,In Transit,00:22:08,32
475,6475,Delivered,00:14:18,33
476,6476,Delivered,00:43:33,34
477,6477,In Transit,00:25:43,1
478,6478,Delivered,00:39:35,2
479,6479,Delivered,00:48:46,3
480,6480,Delivered,00:39:56,4
481,6481,Delivered,00:47:29,5
482,6482,Delivered,00:47:22,6
483,6483,Delivered,00:50:45,7
484,6484,Delivered,00:39:48,8
485,6485,Delivered,00:30:33,9
486,6486,Not Delivered,00:00:00,10
487,6487,Delivered,00:40:10,11
488,6488,Delivered,00:46:54,12
489,6489,Not Delivered,00:00:00,13
490,6490,Not Delivered,00:00:00,14
491,6491,Delivered,00:45:08,15
492,6492,Delivered,00:16:13,16
493,6493,Delivered,00:18:38,17
494,6494,Delivered,00:37:53,18
495,6495,In Transit,00:19:07,19
496,6496,Delivered,00:40:24,20
497,6497,In Transit,00:22:19,21
498,6498,Delivered,00:37:01,22
499,6499,Delivered,00:34:31,23
500,6500,Not Delivered,00:00:00,24
501,6501,Delivered,00:26:48,25
502,6502,Delivered,00:15:13,26
503,6503,Delivered,00:41:49,27
504,6504,Delivered,00:23:28,28
505,6505,Delivered,00:22:41,29
506,6506,Delivered,00:33:25,30
507,6507,Delivered,00:29:09,31
508,6508,Delivered,00:15:57,32
509,6509,Delivered,00:28:57,33
510,6510,Delivered,00:42:16,34
511,6511,Delivered,00:45:25,1
512,6512,Delivered,00:43:45,2
513,6513,Delivered,00:43:23,3
514,6514,Delivered,00:27:29,4
515,6515,Not Delivered,00:00:00,5
516,6516,Delivered,00:22:26,6
517,6517,In Transit,00:11:15,7
518,6518,Delivered,00:23:57,8
519,6519,In Transit,00:13:18,9
520,6520,Delivered,00:37:03,10
521,6521,In Transit,00:21:29,11
522,6522,Delivered,00:38:56,12
523,6523,Delivered,00:41:04,13
524,6524,Delivered,00:32:22,14
525,6525,Delivered,00:46:35,15
526,6526,Delivered,00:44:02,16
527,6527,In Transit,00:25:04,17
528,6528,Delivered,00:36:21,18
529,6529,In Transit,00:16:19,19
530,6530,Delivered,00:46:10,20
531,6531,Not Delivered,00:00:00,21
532,6532,Delivered,00:14:06,22
533,6533,Delivered,00:23:47,23
534,6534,Delivered,00:49:17,24
535,6535,In Transit,00:11:01,25
536,6536,Delivered,00:46:13,26
537,6537,Delivered,00:47:23,27
538,6538,Delivered,00:15:28,28
539,6539,In Transit,00:22:21,29
540,6540,Delivered,00:43:22,30
541,6541,Delivered,00:34:18,31
542,6542,Not Delivered,00:00:00,32
543,6543,Delivered,00:37:03,33
544,6544,Not Delivered,00:00:00,34
545,6545,Delivered,00:47:37,1
546,6546,Not Delivered,00:00:00,2
547,6547,Delivered,00:21:56,3
548,6548,In Transit,00:24:48,4
549,6549,Delivered,00:45:27,5
550,6550,Delivered,00:46:02,6
551,6551,Delivered,00:49:46,7
552,6552,Delivered,00:50:32,8
553,6553,Delivered,00:18:09,9
554,6554,Not Delivered,00:00:00,10
555,6555,Not Delivered,00:00:00,11
556,6556,Delivered,00:38:21,12
557,6557,Delivered,00:42:46,13
558,6558,Delivered,00:31:09,14
559,6559,Delivered,00:23:48,15
560,6560,Delivered,00:26:05,16
561,6561,Delivered,00:38:17,17
562,6562,Delivered,00:39:14,18
563,6563,Delivered,00:16:02,19
564,6564,Delivered,00:33:00,20
565,6565,Delivered,00:22:12,21
566,6566,Delivered,00:40:36,22
567,6567,Delivered,00:26:26,23
568,6568,Not Delivered,00:00:00,24
569,6569,Delivered,00:23:27,25
570,6570,Delivered,00:49:36,26
571,6571,Delivered,00:30:58,27
572,6572,Delivered,00:27:00,28
573,6573,Not Delivered,00:00:00,29
574,6574,Delivered,00:18:10,30
575,6575,In Transit,00:11:16,31
576,6576,Not Delivered,00:00:00,32
577,6577,Not Delivered,00:00:00,33
578,6578,Delivered,00:44:50,34
579,6579,Delivered,00:18:14,1
580,6580,Delivered,00:43:58,2
581,6581,Delivered,00:24:59,3
582,6582,Not Delivered,00:00:00,4
583,6583,Delivered,00:45:07,5
584,6584,Delivered,00:19:42,6
585,6585,Delivered,00:43:51,7
586,6586,In Transit,00:20:39,8
587,6587,Delivered,00:37:54,9
588,6588,In Transit,00:25:16,10
589,6589,Delivered,00:50:35,11
590,6590,Delivered,00:49:56,12
591,6591,Delivered,00:35:40,13
592,6592,Delivered,00:34:33,14
593,6593,Delivered,00:23:42,15
594,6594,Delivered,00:47:43,16
595,6595,Delivered,00:31:51,17
596,6596,Delivered,00:29:14,18
597,6597,Delivered,00:15:27,19
598,6598,Delivered,00:44:17,20
599,6599,Delivered,00:35:32,21
600,6600,Delivered,00:33:31,22
601,6601,Delivered,00:39:03,23
602,6602,Delivered,00:33:51,24
603,6603,Delivered,00:30:06,25
604,6604,Delivered,00:23:35,26
605,6605,Delivered,00:28:54,27
606,6606,Delivered,00:28:56,28
607,6607,Delivered,00:29:29,29
608,6608,Delivered,00:23:59,30
609,6609,Not Delivered,00:00:00,31
610,6610,Delivered,00:20:44,32
611,6611,Delivered,00:48:32,33
612,6612,Delivered,00:37:26,34
613,6613,Delivered,00:39:26,1
614,6614,Delivered,00:50:21,2
615,6615,Delivered,00:33:05,3
616,6616,Delivered,00:29:10,4
617,6617,Delivered,00:44:59,5
618,6618,Delivered,00:18:49,6
619,6619,Delivered,00:34:59,7
620,6620,Delivered,00:17:27,8
621,6621,Delivered,00:39:52,9
622,6622,Delivered,00:41:09,10
623,6623,Delivered,00:40:30,11
624,6624,Delivered,00:15:21,12
625,6625,Delivered,00:37:07,13
626,6626,Not Delivered,00:00:00,14
627,6627,Delivered,00:33:15,15
628,6628,Delivered,00:45:56,16
629,6629,Delivered,00:45:59,17
630,6630,Not Delivered,00:00:00,18
631,6631,Delivered,00:39:37,19
632,6632,Delivered,00:27:25,20
633,6633,Delivered,00:41:54,21
634,6634,Delivered,00:29:18,22
635,6635,Delivered,00:29:39,23
636,6636,Delivered,00:24:21,24
637,6637,Delivered,00:24:38,25
638,6638,Delivered,00:34:37,26
639,6639,Not Delivered,00:00:00,27
640,6640,Delivered,00:38:54,28
641,6641,Delivered,00:19:06,29
642,6642,In Transit,00:12:05,30
643,6643,In Transit,00:10:09,31
644,6644,Delivered,00:48:27,32
645,6645,Delivered,00:45:57,33
646,6646,Delivered,00:19:59,34
647,6647,Delivered,00:23:03,1
648,6648,Delivered,00:14:30,2
649,6649,Delivered,00:25:02,3
650,6650,Delivered,00:22:18,4
651,6651,Delivered,00:37:43,5
652,6652,Delivered,00:36:42,6
653,6653,Not Delivered,00:00:00,7
654,6654,Delivered,00:50:05,8
655,6655,Delivered,00:16:10,9
656,6656,Delivered,00:33:21,10
657,6657,Delivered,00:20:02,11
658,6658,Delivered,00:19:02,12
659,6659,Delivered,00:14:52,13
660,6660,In Transit,00:16:50,14
661,6661,Delivered,00:24:57,15
662,6662,Delivered,00:39:52,16
663,6663,Delivered,00:45:06,17
664,6664,Delivered,00:31:37,18
665,6665,Delivered,00:32:39,19
666,6666,Delivered,00:47:04,20
667,6667,Delivered,00:32:08,21
668,6668,Delivered,00:18:29,22
669,6669,In Transit,00:18:10,23
670,6670,Delivered,00:46:06,24
671,6671,Not Delivered,00:00:00,25
672,6672,Not Delivered,00:00:00,26
673,6673,Delivered,00:45:38,27
674,6674,In Transit,00:17:44,28
675,6675,Delivered,00:32:02,29
676,6676,Delivered,00:39:54,30
677,6677,Delivered,00:35:42,31
678,6678,Delivered,00:24:44,32
679,6679,Delivered,00:44:51,33
680,6680,Delivered,00:42:22,34
681,6681,Delivered,00:46:19,1
682,6682,In Transit,00:19:41,2
683,6683,Delivered,00:39:26,3
684,6684,Delivered,00:29:50,4
685,6685,Delivered,00:33:42,5
686,6686,Delivered,00:34:13,6
687,6687,Delivered,00:29:29,7
688,6688,Delivered,00:23:45,8
689,6689,Delivered,00:23:02,9
690,6690,Delivered,00:19:03,10
691,6691,Delivered,00:21:09,11
692,6692,Delivered,00:20:28,12
693,6693,Delivered,00:22:09,13
694,6694,Delivered,00:18:18,14
695,6695,Delivered,00:35:44,15
696,6696,Delivered,00:34:37,16
697,6697,Not Delivered,00:00:00,17
698,6698,Not Delivered,00:00:00,18
699,6699,Not Delivered,00:00:00,19
700,6700,Delivered,00:29:45,20
701,6701,Delivered,00:44:27,21
702,6702,Delivered,00:40:07,22
703,6703,In Transit,00:19:59,23
704,6704,Delivered,00:27:57,24
705,6705,In Transit,00:25:41,25
706,6706,Delivered,00:16:23,26
707,6707,Delivered,00:24:25,27
708,6708,Delivered,00:26:22,28
709,6709,Delivered,00:18:03,29
710,6710,Delivered,00:16:53,30
711,6711,Delivered,00:30:24,31
712,6712,Delivered,00:25:52,32
713,6713,Delivered,00:45:29,33
714,6714,Not Delivered,00:00:00,34
715,6715,Delivered,00:39:50,1
716,6716,In Transit,00:20:28,2
717,6717,Delivered,00:22:52,3
718,6718,Delivered,00:34:47,4
719,6719,Delivered,00:41:42,5
720,6720,Not Delivered,00:00:00,6
721,6721,Delivered,00:34:58,7
722,6722,Delivered,00:50:55,8
723,6723,Delivered,00:25:00,9
724,6724,Delivered,00:24:16,10
725,6725,In Transit,00:23:05,11
726,6726,Delivered,00:45:56,12
727,6727,In Transit,00:20:09,13
728,6728,Delivered,00:16:56,14
729,6729,Delivered,00:22:15,15
730,6730,Delivered,00:46:38,16
731,6731,In Transit,00:25:17,17
732,6732,Delivered,00:26:46,18
733,6733,Delivered,00:25:26,19
734,6734,Delivered,00:16:49,20
735,6735,Delivered,00:14:40,21
736,6736,Not Delivered,00:00:00,22
737,6737,Delivered,00:37:45,23
738,6738,Delivered,00:35:51,24
739,6739,Delivered,00:37:21,25
740,6740,Delivered,00:14:06,26
741,6741,Delivered,00:44:49,27
742,6742,Delivered,00:46:12,28
743,6743,Delivered,00:27:09,29
744,6744,Delivered,00:35:43,30
745,6745,Delivered,00:46:17,31
746,6746,Delivered,00:47:25,32
747,6747,Not Delivered,00:00:00,33
748,6748,Delivered,00:47:37,34
749,6749,Delivered,00:26:27,1
750,6750,Delivered,00:16:29,2
751,6751,Delivered,00:49:18,3
752,6752,Delivered,00:48:48,4
753,6753,Delivered,00:43:02,5
754,6754,Delivered,00:32:21,6
755,6755,Delivered,00:15:26,7
756,6756,In Transit,00:12:30,8
757,6757,Delivered,00:40:59,9
758,6758,Delivered,00:43:58,10
759,6759,Delivered,00:50:14,11
760,6760,Delivered,00:34:53,12
761,6761,Delivered,00:28:28,13
762,6762,Delivered,00:30:19,14
763,6763,Delivered,00:16:52,15
764,6764,Delivered,00:28:42,16
765,6765,Delivered,00:30:25,17
766,6766,In Transit,00:18:00,18
767,6767,Delivered,00:47:14,19
768,6768,In Transit,00:11:14,20
769,6769,Delivered,00:42:15,21
770,6770,Delivered,00:39:00,22
771,6771,In Transit,00:23:03,23
772,6772,Delivered,00:18:51,24
773,6773,Delivered,00:31:34,25
774,6774,In Transit,00:23:01,26
775,6775,In Transit,00:19:49,27
776,6776,In Transit,00:11:31,28
777,6777,Delivered,00:27:34,29
778,6778,Delivered,00:49:18,30
779,6779,Delivered,00:21:54,31
780,6780,Not Delivered,00:00:00,32
781,6781,Delivered,00:29:59,33
782,6782,Delivered,00:38:35,34
783,6783,Delivered,00:35:11,1
784,6784,In Transit,00:16:00,2
785,6785,Not Delivered,00:00:00,3
786,6786,In Transit,00:23:05,4
787,6787,Delivered,00:35:41,5
788,6788,Delivered,00:29:30,6
789,6789,Delivered,00:15:06,7
790,6790,Delivered,00:22:59,8
791,6791,Delivered,00:30:10,9
792,6792,Delivered,00:32:42,10
793,6793,Delivered,00:30:26,11
794,6794,In Transit,00:15:57,12
795,6795,Delivered,00:41:13,13
796,6796,Delivered,00:24:23,14
797,6797,Delivered,00:20:48,15
798,6798,Delivered,00:32:19,16
799,6799,Delivered,00:48:44,17
800,6800,Delivered,00:49:40,18
801,6801,Delivered,00:18:04,19
802,6802,Not Delivered,00:00:00,20
803,6803,In Transit,00:14:55,21
804,6804,In Transit,00:13:54,22
805,6805,In Transit,00:10:15,23
806,6806,Delivered,00:18:49,24
807,6807,Delivered,00:31:11,25
808,6808,Delivered,00:21:48,26
809,6809,Delivered,00:42:21,27
810,6810,Not Delivered,00:00:00,28
811,6811,Delivered,00:21:32,29
812,6812,In Transit,00:24:32,30
813,6813,In Transit,00:13:30,31
814,6814,Delivered,00:31:50,32
815,6815,Delivered,00:19:22,33
816,6816,Not Delivered,00:00:00,34
817,6817,Delivered,00:19:22,1
818,6818,Delivered,00:25:24,2
819,6819,Delivered,00:26:34,3
820,6820,Delivered,00:30:46,4
821,6821,Not Delivered,00:00:00,5
822,6822,Delivered,00:15:58,6
823,6823,Delivered,00:19:04,7
824,6824,Delivered,00:24:09,8
825,6825,Delivered,00:35:10,9
826,6826,Delivered,00:47:52,10
827,6827,Delivered,00:48:12,11
828,6828,Delivered,00:44:59,12
829,6829,Delivered,00:36:01,13
830,6830,Delivered,00:35:54,14
831,6831,Delivered,00:38:50,15
832,6832,Delivered,00:41:06,16
833,6833,Delivered,00:46:49,17
834,6834,Delivered,00:39:13,18
835,6835,Delivered,00:24:12,19
836,6836,Delivered,00:44:49,20
837,6837,Delivered,00:18:47,21
838,6838,Delivered,00:28:53,22
839,6839,Delivered,00:45:35,23
840,6840,Delivered,00:43:24,24
841,6841,Not Delivered,00:00:00,25
842,6842,Delivered,00:34:41,26
843,6843,In Transit,00:21:12,27
844,6844,Delivered,00:16:02,28
845,6845,Delivered,00:42:12,29
846,6846,Delivered,00:14:36,30
847,6847,Not Delivered,00:00:00,31
848,6848,Not Delivered,00:00:00,32
849,6849,Delivered,00:36:01,33
850,6850,Not Delivered,00:00:00,34
851,6851,Delivered,00:37:41,1
852,6852,Delivered,00:35:26,2
853,6853,Delivered,00:14:20,3
854,6854,Delivered,00:43:05,4
855,6855,Delivered,00:22:53,5
856,6856,Delivered,00:20:38,6
857,6857,Not Delivered,00:00:00,7
858,6858,Delivered,00:47:35,8
859,6859,Delivered,00:21:37,9
860,6860,In Transit,00:14:30,10
861,6861,Delivered,00:45:35,11
862,6862,Delivered,00:49:46,12
863,6863,Delivered,00:35:07,13
864,6864,Not Delivered,00:00:00,14
865,6865,Delivered,00:16:50,15
866,6866,Delivered,00:34:15,16
867,6867,In Transit,00:19:34,17
868,6868,Delivered,00:41:18,18
869,6869,Delivered,00:16:54,19
870,6870,Delivered,00:20:03,20
871,6871,Delivered,00:33:42,21
872,6872,Delivered,00:22:44,22
873,6873,In Transit,00:18:52,23
874,6874,Delivered,00:38:09,24
875,6875,Delivered,00:31:21,25
876,6876,Delivered,00:40:04,26
877,6877,Delivered,00:47:23,27
878,6878,Delivered,00:18:31,28
879,6879,Delivered,00:33:47,29
880,6880,Delivered,00:33:26,30
881,6881,Delivered,00:15:01,31
882,6882,Delivered,00:32:20,32
883,6883,In Transit,00:15:45,33
884,6884,Delivered,00:19:55,34
885,6885,Not Delivered,00:00:00,1
886,6886,Delivered,00:22:59,2
887,6887,Delivered,00:47:38,3
888,6888,Delivered,00:20:23,4
889,6889,Delivered,00:21:06,5
890,6890,Not Delivered,00:00:00,6
891,6891,Delivered,00:30:49,7
892,6892,Delivered,00:35:20,8
893,6893,Delivered,00:21:11,9
894,6894,Delivered,00:50:13,10
895,6895,Delivered,00:19:14,11
896,6896,Delivered,00:17:17,12
897,6897,Delivered,00:33:53,13
898,6898,Delivered,00:49:48,14
899,6899,In Transit,00:12:51,15
900,6900,Delivered,00:49:59,16
901,6901,Delivered,00:50:55,17
902,6902,In Transit,00:19:58,18
903,6903,Delivered,00:49:42,19
904,6904,Not Delivered,00:00:00,20
905,6905,Delivered,00:33:06,21
906,6906,Delivered,00:39:48,22
907,6907,Delivered,00:16:19,23
908,6908,Delivered,00:40:05,24
909,6909,Delivered,00:35:17,25
910,6910,In Transit,00:11:08,26
911,6911,Delivered,00:18:06,27
912,6912,Delivered,00:14:06,28
913,6913,Not Delivered,00:00:00,29
914,6914,Delivered,00:44:02,30
915,6915,In Transit,00:25:51,31
916,6916,Delivered,00:37:25,32
917,6917,Delivered,00:48:06,33
918,6918,Delivered,00:30:10,34
919,6919,Not Delivered,00:00:00,1
920,6920,Delivered,00:49:57,2
921,6921,In Transit,00:17:05,3
922,6922,Delivered,00:35:10,4
923,6923,Delivered,00:25:41,5
924,6924,Delivered,00:50:44,6
925,6925,Delivered,00:20:40,7
926,6926,Delivered,00:15:30,8
927,6927,Delivered,00:27:46,9
928,6928,Delivered,00:22:10,10
929,6929,Not Delivered,00:00:00,11
930,6930,Delivered,00:46:15,12
931,6931,Delivered,00:40:00,13
932,6932,Delivered,00:47:56,14
933,6933,Delivered,00:31:36,15
934,6934,Delivered,00:26:31,16
935,6935,Delivered,00:49:15,17
936,6936,Delivered,00:17:27,18
937,6937,Delivered,00:27:39,19
938,6938,Delivered,00:38:12,20
939,6939,Delivered,00:47:18,21
940,6940,Delivered,00:36:08,22
941,6941,In Transit,00:22:37,23
942,6942,Delivered,00:40:58,24
943,6943,Delivered,00:32:17,25
944,6944,Delivered,00:29:39,26
945,6945,Delivered,00:21:45,27
946,6946,Delivered,00:40:16,28
947,6947,Delivered,00:45:00,29
948,6948,Delivered,00:21:25,30
949,6949,Delivered,00:26:47,31
950,6950,Delivered,00:30:44,32
951,6951,Delivered,00:22:36,33
952,6952,Delivered,00:25:52,34
953,6953,Delivered,00:21:42,1
954,6954,Not Delivered,00:00:00,2
955,6955,Delivered,00:29:08,3
956,6956,Delivered,00:16:14,4
957,6957,Delivered,00:29:47,5
958,6958,Delivered,00:16:46,6
959,6959,Delivered,00:18:43,7
960,6960,Delivered,00:39:08,8
961,6961,Delivered,00:27:17,9
962,6962,Delivered,00:21:36,10
963,6963,Delivered,00:14:41,11
964,6964,Delivered,00:27:45,12
965,6965,In Transit,00:13:53,13
966,6966,Delivered,00:14:26,14
967,6967,Delivered,00:20:21,15
968,6968,In Transit,00:16:28,16
969,6969,Delivered,00:23:09,17
970,6970,In Transit,00:13:55,18
971,6971,Delivered,00:37:20,19
972,6972,In Transit,00:23:24,20
973,6973,Delivered,00:47:43,21
974,6974,Delivered,00:31:28,22
975,6975,Delivered,00:26:54,23
976,6976,Delivered,00:23:13,24
977,6977,Delivered,00:38:22,25
978,6978,Delivered,00:26:55,26
979,6979,Delivered,00:29:31,27
980,6980,Delivered,00:45:17,28
981,6981,Delivered,00:41:03,29
982,6982,Delivered,00:30:00,30
983,6983,Delivered,00:41:29,31
984,6984,Delivered,00:24:03,32
985,6985,Delivered,00:17:47,33
986,6986,Delivered,00:43:33,34
987,6987,In Transit,00:19:13,1
988,6988,Not Delivered,00:00:00,2
989,6989,Delivered,00:40:07,3
990,6990,Delivered,00:32:09,4
991,6991,In Transit,00:19:17,5
992,6992,Delivered,00:25:27,6
993,6993,Delivered,00:14:30,7
994,6994,Delivered,00:47:04,8
995,6995,Delivered,00:43:22,9
996,6996,Delivered,00:33:41,10
997,6997,Delivered,00:28:28,11
998,6998,Delivered,00:26:44,12
999,6999,Delivered,00:31:53,13
1000,7000,Not Delivered,00:00:00,14
1001,7001,In Transit,00:25:24,15
1002,7002,Not Delivered,00:00:00,16
1003,7003,Delivered,00:31:10,17
1004,7004,Delivered,00:44:14,18
1005,7005,In Transit,00:24:57,19
1006,7006,Delivered,00:22:01,20
1007,7007,Delivered,00:29:41,21
1008,7008,In Transit,00:25:24,22
1009,7009,Not Delivered,00:00:00,23
1010,7010,Delivered,00:28:35,24
1011,7011,Delivered,00:46:41,25
1012,7012,Delivered,00:23:07,26
1013,7013,Delivered,00:31:46,27
1014,7014,Delivered,00:37:33,28
1015,7015,Not Delivered,00:00:00,29
1016,7016,Delivered,00:30:44,30
1017,7017,Delivered,00:20:17,31
1018,7018,Delivered,00:47:51,32
1019,7019,Delivered,00:33:47,33
1020,7020,Delivered,00:39:01,34
1021,7021,Delivered,00:18:36,1
1022,7022,Delivered,00:20:15,2
1023,7023,Delivered,00:32:16,3
1024,7024,Delivered,00:29:48,4
1025,7025,In Transit,00:15:40,5
1026,7026,Delivered,00:45:33,6
1027,7027,Delivered,00:14:09,7
1028,7028,Not Delivered,00:00:00,8
1029,7029,In Transit,00:10:20,9
1030,7030,Delivered,00:49:26,10
1031,7031,Delivered,00:50:21,11
1032,7032,Delivered,00:14:30,12
1033,7033,Delivered,00:26:11,13
1034,7034,Delivered,00:20:46,14
1035,7035,Delivered,00:33:46,15
1036,7036,Delivered,00:41:16,16
1037,7037,Delivered,00:31:37,17
1038,7038,In Transit,00:16:40,18
1039,7039,Not Delivered,00:00:00,19
1040,7040,Delivered,00:39:42,20
1041,7041,Delivered,00:50:36,21
1042,7042,In Transit,00:21:06,22
1043,7043,Delivered,00:38:30,23
1044,7044,Delivered,00:26:56,24
1045,7045,Delivered,00:29:20,25
1046,7046,Delivered,00:16:54,26
1047,7047,Not Delivered,00:00:00,27
1048,7048,In Transit,00:20:22,28
1049,7049,Delivered,00:44:48,29
1050,7050,Delivered,00:29:34,30
1051,7051,Delivered,00:35:31,31
1052,7052,Not Delivered,00:00:00,32
1053,7053,Delivered,00:28:27,33
1054,7054,Delivered,00:49:01,34
1055,7055,Delivered,00:18:06,1
1056,7056,Delivered,00:50:57,2
1057,7057,Delivered,00:22:14,3
1058,7058,In Transit,00:23:55,4
1059,7059,Delivered,00:16:13,5
1060,7060,Delivered,00:43:26,6
1061,7061,Delivered,00:48:47,7
1062,7062,Delivered,00:18:06,8
1063,7063,Not Delivered,00:00:00,9
1064,7064,Delivered,00:49:28,10
1065,7065,Delivered,00:22:14,11
1066,7066,Delivered,00:27:13,12
1067,7067,Delivered,00:37:06,13
1068,7068,Delivered,00:16:16,14
1069,7069,Delivered,00:14:58,15
1070,7070,Delivered,00:40:07,16
1071,7071,Delivered,00:31:41,17
1072,7072,Delivered,00:42:57,18
1073,7073,Delivered,00:27:05,19
1074,7074,In Transit,00:20:59,20
1075,7075,Delivered,00:29:39,21
1076,7076,Delivered,00:21:05,22
1077,7077,Delivered,00:30:50,23
1078,7078,Not Delivered,00:00:00,24
1079,7079,In Transit,00:17:02,25
1080,7080,Delivered,00:44:44,26
1081,7081,Delivered,00:31:34,27
1082,7082,Delivered,00:24:42,28
1083,7083,Delivered,00:14:59,29
1084,7084,Delivered,00:45:52,30
1085,7085,Delivered,00:27:50,31
1086,7086,Not Delivered,00:00:00,32
1087,7087,Delivered,00:40:56,33
1088,7088,Delivered,00:35:06,34
1089,7089,Delivered,00:19:32,1
1090,7090,Not Delivered,00:00:00,2
1091,7091,Delivered,00:28:59,3
1092,7092,Delivered,00:50:17,4
1093,7093,Not Delivered,00:00:00,5
1094,7094,Delivered,00:14:27,6
1095,7095,Delivered,00:36:59,7
1096,7096,Delivered,00:36:48,8
1097,7097,Delivered,00:42:35,9
1098,7098,Not Delivered,00:00:00,10
1099,7099,Delivered,00:24:01,11
1100,7100,Delivered,00:20:40,12
1101,7101,Delivered,00:50:01,13
1102,7102,Delivered,00:31:12,14
1103,7103,Delivered,00:25:52,15
1104,7104,Delivered,00:24:14,16
1105,7105,Delivered,00:16:46,17
1106,7106,Not Delivered,00:00:00,18
1107,7107,Delivered,00:25:12,19
1108,7108,Not Delivered,00:00:00,20
1109,7109,Delivered,00:27:12,21
1110,7110,Delivered,00:22:18,22
1111,7111,Delivered,00:43:03,23
1112,7112,Delivered,00:42:14,24
1113,7113,Not Delivered,00:00:00,25
1114,7114,Delivered,00:22:02,26
1115,7115,Delivered,00:21:46,27
1116,7116,Delivered,00:27:23,28
1117,7117,Delivered,00:33:53,29
1118,7118,In Transit,00:23:09,30
1119,7119,Delivered,00:18:53,31
1120,7120,Delivered,00:24:30,32
1121,7121,Delivered,00:38:00,33
1122,7122,Delivered,00:24:23,34
1123,7123,In Transit,00:11:34,1
1124,7124,Delivered,00:25:43,2
1125,7125,Delivered,00:40:06,3
1126,7126,Delivered,00:19:48,4
1127,7127,Not Delivered,00:00:00,5
1128,7128,Delivered,00:24:13,6
1129,7129,Not Delivered,00:00:00,7
1130,7130,Delivered,00:18:09,8
1131,7131,Delivered,00:40:06,9
1132,7132,Delivered,00:41:14,10
1133,7133,Delivered,00:24:17,11
1134,7134,Delivered,00:47:45,12
1135,7135,Delivered,00:49:56,13
1136,7136,Delivered,00:47:57,14
1137,7137,Delivered,00:35:56,15
1138,7138,Delivered,00:42:10,16
1139,7139,Delivered,00:48:42,17
1140,7140,Delivered,00:50:13,18
1141,7141,In Transit,00:24:27,19
1142,7142,Delivered,00:25:39,20
1143,7143,Delivered,00:42:17,21
1144,7144,Delivered,00:34:16,22
1145,7145,In Transit,00:16:59,23
1146,7146,Delivered,00:15:12,24
1147,7147,Delivered,00:39:18,25
1148,7148,Delivered,00:38:49,26
1149,7149,Delivered,00:48:29,27
1150,7150,Delivered,00:19:55,28
1151,7151,Delivered,00:21:50,29
1152,7152,Delivered,00:22:57,30
1153,7153,Delivered,00:17:14,31
1154,7154,Delivered,00:48:54,32
1155,7155,Delivered,00:21:35,33
1156,7156,Delivered,00:44:25,34
1157,7157,Delivered,00:22:03,1
1158,7158,Delivered,00:47:11,2
1159,7159,Delivered,00:48:56,3
1160,7160,Delivered,00:28:51,4
1161,7161,Delivered,00:22:15,5
1162,7162,Delivered,00:17:32,6
1163,7163,Delivered,00:48:56,7
1164,7164,Not Delivered,00:00:00,8
1165,7165,Delivered,00:18:15,9
1166,7166,Delivered,00:48:35,10
1167,7167,Delivered,00:19:21,11
1168,7168,Not Delivered,00:00:00,12
1169,7169,In Transit,00:12:16,13
1170,7170,In Transit,00:18:21,14
1171,7171,Not Delivered,00:00:00,15
1172,7172,Delivered,00:49:08,16
1173,7173,Delivered,00:25:02,17
1174,7174,Delivered,00:41:31,18
1175,7175,Delivered,00:27:08,19
1176,7176,Delivered,00:28:44,20
1177,7177,Delivered,00:19:33,21
1178,7178,In Transit,00:14:39,22
1179,7179,Delivered,00:42:04,23
1180,7180,Delivered,00:41:46,24
1181,7181,In Transit,00:12:47,25
1182,7182,Delivered,00:34:29,26
1183,7183,Delivered,00:24:43,27
1184,7184,Delivered,00:31:54,28
1185,7185,Delivered,00:35:01,29
1186,7186,Delivered,00:16:48,30
1187,7187,Delivered,00:14:49,31
1188,7188,Delivered,00:15:49,32
1189,7189,Delivered,00:15:55,33
1190,7190,Delivered,00:15:05,34
1191,7191,Delivered,00:34:10,1
1192,7192,Delivered,00:19:05,2
1193,7193,Delivered,00:26:30,3
1194,7194,Delivered,00:20:28,4
1195,7195,Delivered,00:48:41,5
1196,7196,Delivered,00:37:03,6
1197,7197,Delivered,00:15:46,7
1198,7198,Delivered,00:23:22,8
1199,7199,Delivered,00:34:24,9
1200,7200,Delivered,00:21:50,10
1201,7201,Delivered,00:46:41,11
1202,7202,Delivered,00:32:48,12
1203,7203,Delivered,00:32:16,13
1204,7204,Delivered,00:24:05,14
1205,7205,Delivered,00:48:52,15
1206,7206,Not Delivered,00:00:00,16
1207,7207,Not Delivered,00:00:00,17
1208,7208,Delivered,00:23:38,18
1209,7209,Not Delivered,00:00:00,19
1210,7210,Delivered,00:50:34,20
1211,7211,Delivered,00:44:18,21
1212,7212,Delivered,00:45:33,22
1213,7213,Delivered,00:18:09,23
1214,7214,Delivered,00:25:52,24
1215,7215,Not Delivered,00:00:00,25
1216,7216,Delivered,00:32:32,26
1217,7217,Delivered,00:16:20,27
1218,7218,Delivered,00:38:30,28
1219,7219,Not Delivered,00:00:00,29
1220,7220,Delivered,00:16:32,30
1221,7221,Delivered,00:41:29,31
1222,7222,Delivered,00:15:02,32
1223,7223,Delivered,00:17:00,33
1224,7224,Delivered,00:30:56,34
1225,7225,Delivered,00:29:24,1
1226,7226,Delivered,00:36:40,2
1227,7227,In Transit,00:20:05,3
1228,7228,Delivered,00:37:46,4
1229,7229,Delivered,00:47:17,5
1230,7230,Delivered,00:47:09,6
1231,7231,Not Delivered,00:00:00,7
1232,7232,In Transit,00:22:24,8
1233,7233,Delivered,00:50:07,9
1234,7234,Delivered,00:29:26,10
1235,7235,Not Delivered,00:00:00,11
1236,7236,Delivered,00:23:51,12
1237,7237,Delivered,00:31:32,13
1238,7238,Delivered,00:28:20,14
1239,7239,Delivered,00:37:42,15
1240,7240,Delivered,00:17:23,16
1241,7241,Not Delivered,00:00:00,17
1242,7242,Delivered,00:33:52,18
1243,7243,Delivered,00:24:50,19
1244,7244,Delivered,00:50:24,20
1245,7245,Delivered,00:16:35,21
1246,7246,Not Delivered,00:00:00,22
1247,7247,Delivered,00:16:40,23
1248,7248,Not Delivered,00:00:00,24
1249,7249,Not Delivered,00:00:00,25
1250,7250,Delivered,00:44:03,26
1251,7251,Delivered,00:40:13,27
1252,7252,Delivered,00:29:26,28
1253,7253,Delivered,00:49:29,29
1254,7254,Not Delivered,00:00:00,30
1255,7255,Delivered,00:36:50,31
1256,7256,In Transit,00:10:49,32
1257,7257,Delivered,00:47:11,33
1258,7258,Delivered,00:22:04,34
1259,7259,Delivered,00:17:17,1
1260,7260,Delivered,00:17:59,2
1261,7261,Delivered,00:21:55,3
1262,7262,Delivered,00:39:16,4
1263,7263,In Transit,00:13:56,5
1264,7264,Delivered,00:49:58,6
1265,7265,Delivered,00:47:47,7
1266,7266,Delivered,00:14:16,8
1267,7267,Delivered,00:30:54,9
1268,7268,In Transit,00:15:35,10
1269,7269,Delivered,00:44:31,11
1270,7270,Delivered,00:29:33,12
1271,7271,Delivered,00:26:24,13
1272,7272,Delivered,00:26:33,14
1273,7273,Delivered,00:18:25,15
1274,7274,Delivered,00:31:15,16
1275,7275,Delivered,00:23:43,17
1276,7276,In Transit,00:12:09,18
1277,7277,Delivered,00:39:39,19
1278,7278,Delivered,00:32:46,20
1279,7279,Delivered,00:24:33,21
1280,7280,Delivered,00:50:41,22
1281,7281,Not Delivered,00:00:00,23
1282,7282,Not Delivered,00:00:00,24
1283,7283,In Transit,00:19:26,25
1284,7284,Delivered,00:33:10,26
1285,7285,Delivered,00:15:15,27
1286,7286,Delivered,00:40:48,28
1287,7287,Delivered,00:22:23,29
1288,7288,Delivered,00:47:27,30
1289,7289,Delivered,00:27:06,31
1290,7290,Delivered,00:33:49,32
1291,7291,Delivered,00:30:05,33
1292,7292,Delivered,00:43:55,34
1293,7293,Delivered,00:16:52,1
1294,7294,Delivered,00:38:18,2
1295,7295,Delivered,00:38:10,3
1296,7296,Delivered,00:36:48,4
1297,7297,Delivered,00:37:48,5
1298,7298,Delivered,00:32:55,6
1299,7299,Delivered,00:16:11,7
1300,7300,Delivered,00:39:50,8
1301,7301,Not Delivered,00:00:00,9
1302,7302,Delivered,00:28:46,10
1303,7303,Delivered,00:37:21,11
1304,7304,Delivered,00:48:43,12
1305,7305,Delivered,00:25:18,13
1306,7306,Delivered,00:26:55,14
1307,7307,Delivered,00:15:42,15
1308,7308,Delivered,00:19:30,16
1309,7309,Delivered,00:38:19,17
1310,7310,Delivered,00:40:50,18
1311,7311,Delivered,00:31:55,19
1312,7312,Delivered,00:32:32,20
1313,7313,Delivered,00:50:52,21
1314,7314,Delivered,00:47:32,22
1315,7315,Not Delivered,00:00:00,23
1316,7316,Delivered,00:15:49,24
1317,7317,Delivered,00:28:46,25
1318,7318,Delivered,00:20:23,26
1319,7319,Delivered,00:29:35,27
1320,7320,Delivered,00:46:33,28
1321,7321,Delivered,00:25:53,29
1322,7322,Delivered,00:31:21,30
1323,7323,Delivered,00:22:29,31
1324,7324,Delivered,00:17:43,32
1325,7325,Delivered,00:35:02,33
1326,7326,Delivered,00:32:43,34
1327,7327,In Transit,00:11:54,1
1328,7328,In Transit,00:19:15,2
1329,7329,Delivered,00:27:58,3
1330,7330,In Transit,00:16:13,4
1331,7331,Delivered,00:36:12,5
1332,7332,Not Delivered,00:00:00,6
1333,7333,Delivered,00:47:16,7
1334,7334,Delivered,00:34:56,8
1335,7335,Delivered,00:21:25,9
1336,7336,Delivered,00:28:51,10
1337,7337,Delivered,00:23:51,11
1338,7338,Delivered,00:20:05,12
1339,7339,Delivered,00:20:45,13
1340,7340,Delivered,00:43:33,14
1341,7341,Delivered,00:43:46,15
1342,7342,Delivered,00:21:34,16
1343,7343,Not Delivered,00:00:00,17
1344,7344,Not Delivered,00:00:00,18
1345,7345,Delivered,00:17:38,19
1346,7346,Delivered,00:26:15,20
1347,7347,In Transit,00:12:40,21
1348,7348,Delivered,00:26:31,22
1349,7349,Delivered,00:27:08,23
1350,7350,Delivered,00:39:41,24
1351,7351,Delivered,00:34:14,25
1352,7352,Delivered,00:16:56,26
1353,7353,Delivered,00:40:54,27
1354,7354,Delivered,00:16:46,28
1355,7355,In Transit,00:12:05,29
1356,7356,Delivered,00:46:31,30
1357,7357,Delivered,00:34:24,31
1358,7358,Delivered,00:20:29,32
1359,7359,Delivered,00:46:54,33
1360,7360,Delivered,00:40:49,34
1361,7361,Delivered,00:49:46,1
1362,7362,In Transit,00:10:00,2
1363,7363,Delivered,00:25:13,3
1364,7364,Delivered,00:15:51,4
1365,7365,Delivered,00:15:37,5
1366,7366,Delivered,00:20:21,6
1367,7367,Delivered,00:40:07,7
1368,7368,Delivered,00:49:08,8
1369,7369,Delivered,00:47:59,9
1370,7370,Not Delivered,00:00:00,10
1371,7371,Not Delivered,00:00:00,11
1372,7372,Delivered,00:14:15,12
1373,7373,Delivered,00:38:21,13
1374,7374,In Transit,00:25:40,14
1375,7375,Delivered,00:45:16,15
1376,7376,Delivered,00:32:52,16
1377,7377,Delivered,00:21:46,17
1378,7378,Not Delivered,00:00:00,18
1379,7379,Delivered,00:40:58,19
1380,7380,Delivered,00:14:56,20
1381,7381,Delivered,00:27:25,21
1382,7382,Delivered,00:37:39,22
1383,7383,Delivered,00:36:08,23
1384,7384,Delivered,00:17:04,24
1385,7385,In Transit,00:19:38,25
1386,7386,Delivered,00:18:51,26
1387,7387,Delivered,00:21:55,27
1388,7388,Delivered,00:47:40,28
1389,7389,Delivered,00:50:18,29
1390,7390,Delivered,00:20:34,30
1391,7391,Delivered,00:32:14,31
1392,7392,Delivered,00:28:25,32
1393,7393,Delivered,00:47:30,33
1394,7394,Delivered,00:35:53,34
1395,7395,Delivered,00:15:37,1
1396,7396,In Transit,00:14:48,2
1397,7397,Delivered,00:40:12,3
1398,7398,Delivered,00:24:52,4
1399,7399,Delivered,00:24:13,5
1400,7400,Delivered,00:46:09,6
1401,7401,Delivered,00:18:15,7
1402,7402,Delivered,00:42:17,8
1403,7403,In Transit,00:20:21,9
1404,7404,In Transit,00:23:04,10
1405,7405,Delivered,00:19:16,11
1406,7406,In Transit,00:11:44,12
1407,7407,In Transit,00:19:08,13
1408,7408,Delivered,00:47:34,14
1409,7409,Delivered,00:40:47,15
1410,7410,Delivered,00:16:53,16
1411,7411,Not Delivered,00:00:00,17
1412,7412,Not Delivered,00:00:00,18
1413,7413,Delivered,00:37:40,19
1414,7414,Delivered,00:15:49,20
1415,7415,Delivered,00:35:15,21
1416,7416,Delivered,00:45:59,22
1417,7417,Delivered,00:39:27,23
1418,7418,In Transit,00:23:50,24
1419,7419,Delivered,00:16:33,25
1420,7420,Delivered,00:20:07,26
1421,7421,Delivered,00:22:27,27
1422,7422,Delivered,00:15:02,28
1423,7423,Delivered,00:26:55,29
1424,7424,Not Delivered,00:00:00,30
1425,7425,Delivered,00:17:33,31
1426,7426,Delivered,00:27:23,32
1427,7427,Not Delivered,00:00:00,33
1428,7428,Delivered,00:38:25,34
1429,7429,Delivered,00:19:52,1
1430,7430,Delivered,00:15:24,2
1431,7431,Delivered,00:23:43,3
1432,7432,Delivered,00:43:04,4
1433,7433,Delivered,00:34:47,5
1434,7434,Delivered,00:27:06,6
1435,7435,Delivered,00:25:49,7
1436,7436,Delivered,00:27:16,8
1437,7437,Delivered,00:35:22,9
1438,7438,Delivered,00:17:52,10
1439,7439,Delivered,00:41:32,11
1440,7440,Delivered,00:49:11,12
1441,7441,Delivered,00:41:36,13
1442,7442,Delivered,00:20:31,14
1443,7443,Delivered,00:45:27,15
1444,7444,Not Delivered,00:00:00,16
1445,7445,In Transit,00:14:39,17
1446,7446,Delivered,00:27:33,18
1447,7447,Not Delivered,00:00:00,19
1448,7448,Delivered,00:30:18,20
1449,7449,In Transit,00:11:07,21
1450,7450,Delivered,00:29:19,22
1451,7451,Delivered,00:49:00,23
1452,7452,Delivered,00:47:28,24
1453,7453,Delivered,00:26:21,25
1454,7454,Delivered,00:33:15,26
1455,7455,In Transit,00:25:55,27
1456,7456,Delivered,00:49:47,28
1457,7457,Not Delivered,00:00:00,29
1458,7458,Delivered,00:47:08,30
1459,7459,Delivered,00:40:02,31
1460,7460,Delivered,00:27:14,32
1461,7461,Delivered,00:37:39,33
1462,7462,Delivered,00:21:03,34
1463,7463,Not Delivered,00:00:00,1
1464,7464,Delivered,00:20:42,2
1465,7465,Delivered,00:37:28,3
1466,7466,Delivered,00:15:38,4
1467,7467,Delivered,00:17:32,5
1468,7468,Delivered,00:37:36,6
1469,7469,Delivered,00:18:51,7
1470,7470,Not Delivered,00:00:00,8
1471,7471,Delivered,00:32:18,9
1472,7472,Delivered,00:50:11,10
1473,7473,Delivered,00:15:45,11
1474,7474,Delivered,00:42:16,12
1475,7475,Delivered,00:24:25,13
1476,7476,Delivered,00:50:39,14
1477,7477,Delivered,00:40:49,15
1478,7478,Delivered,00:50:51,16
1479,7479,In Transit,00:22:55,17
1480,7480,Not Delivered,00:00:00,18
1481,7481,Delivered,00:32:53,19
1482,7482,Delivered,00:49:41,20
1483,7483,Delivered,00:43:05,21
1484,7484,Delivered,00:47:18,22
1485,7485,Delivered,00:23:34,23
1486,7486,Delivered,00:37:37,24
1487,7487,Delivered,00:38:40,25
1488,7488,Delivered,00:50:15,26
1489,7489,Delivered,00:23:21,27
1490,7490,Delivered,00:50:06,28
1491,7491,Delivered,00:32:01,29
1492,7492,Delivered,00:46:56,30
1493,7493,In Transit,00:19:36,31
1494,7494,Delivered,00:26:11,32
1495,7495,Delivered,00:26:06,33
1496,7496,Delivered,00:25:53,34
1497,7497,Delivered,00:28:18,1
1498,7498,Delivered,00:23:49,2
1499,7499,Delivered,00:41:25,3
1500,7500,In Transit,00:11:26,4
1501,7501,In Transit,00:10:35,5
1502,7502,Delivered,00:44:09,6
1503,7503,Delivered,00:39:40,7
1504,7504,Delivered,00:21:29,8
1505,7505,In Transit,00:23:57,9
1506,7506,Delivered,00:15:41,10
1507,7507,Delivered,00:42:11,11
1508,7508,Not Delivered,00:00:00,12
1509,7509,Delivered,00:27:19,13
1510,7510,Delivered,00:49:46,14
1511,7511,Not Delivered,00:00:00,15
1512,7512,In Transit,00:17:33,16
1513,7513,Delivered,00:28:20,17
1514,7514,In Transit,00:21:41,18
1515,7515,In Transit,00:17:57,19
1516,7516,Delivered,00:47:08,20
1517,7517,Delivered,00:49:48,21
1518,7518,In Transit,00:10:53,22
1519,7519,In Transit,00:19:52,23
1520,7520,Delivered,00:14:57,24
1521,7521,Delivered,00:36:26,25
1522,7522,Delivered,00:21:09,26
1523,7523,Delivered,00:50:39,27
1524,7524,Delivered,00:41:21,28
1525,7525,Not Delivered,00:00:00,29
1526,7526,Not Delivered,00:00:00,30
1527,7527,In Transit,00:10:35,31
1528,7528,Delivered,00:23:25,32
1529,7529,Not Delivered,00:00:00,33
1530,7530,Delivered,00:36:34,34
1531,7531,Delivered,00:23:27,1
1532,7532,In Transit,00:18:05,2
1533,7533,Delivered,00:49:24,3
1534,7534,Delivered,00:50:24,4
1535,7535,Delivered,00:36:26,5
1536,7536,Delivered,00:18:59,6
1537,7537,Delivered,00:27:00,7
1538,7538,Delivered,00:49:30,8
1539,7539,Delivered,00:41:06,9
1540,7540,Delivered,00:23:49,10
1541,7541,Delivered,00:26:51,11
1542,7542,Delivered,00:47:20,12
1543,7543,Delivered,00:50:21,13
1544,7544,In Transit,00:13:16,14
1545,7545,Delivered,00:26:49,15
1546,7546,Not Delivered,00:00:00,16
1547,7547,In Transit,00:18:25,17
1548,7548,Delivered,00:48:09,18
1549,7549,Not Delivered,00:00:00,19
1550,7550,Delivered,00:29:37,20
1551,7551,Delivered,00:33:54,21
1552,7552,In Transit,00:18:40,22
1553,7553,Delivered,00:16:54,23
1554,7554,Delivered,00:15:53,24
1555,7555,Delivered,00:24:30,25
1556,7556,Delivered,00:28:00,26
1557,7557,Delivered,00:14:42,27
1558,7558,Delivered,00:46:27,28
1559,7559,Delivered,00:39:58,29
1560,7560,Delivered,00:38:04,30
1561,7561,In Transit,00:11:07,31
1562,7562,Delivered,00:38:32,32
1563,7563,Delivered,00:26:04,33
1564,7564,Delivered,00:19:42,34
1565,7565,Delivered,00:26:52,1
1566,7566,Delivered,00:35:52,2
1567,7567,Delivered,00:15:03,3
1568,7568,Delivered,00:18:24,4
1569,7569,Delivered,00:47:03,5
1570,7570,Delivered,00:31:05,6
1571,7571,Delivered,00:32:40,7
1572,7572,Delivered,00:18:54,8
1573,7573,Delivered,00:34:03,9
1574,7574,In Transit,00:24:26,10
1575,7575,Delivered,00:25:55,11
1576,7576,Delivered,00:47:12,12
1577,7577,Delivered,00:42:41,13
1578,7578,Delivered,00:40:40,14
1579,7579,Delivered,00:23:03,15
1580,7580,In Transit,00:21:14,16
1581,7581,Delivered,00:31:17,17
1582,7582,Delivered,00:15:57,18
1583,7583,Delivered,00:45:28,19
1584,7584,Delivered,00:42:38,20
1585,7585,Delivered,00:32:25,21
1586,7586,Delivered,00:24:03,22
1587,7587,Delivered,00:42:56,23
1588,7588,Delivered,00:22:46,24
1589,7589,Delivered,00:39:48,25
1590,7590,Delivered,00:40:42,26
1591,7591,In Transit,00:14:38,27
1592,7592,Delivered,00:22:22,28
1593,7593,Delivered,00:15:35,29
1594,7594,Delivered,00:19:47,30
1595,7595,Delivered,00:45:46,31
1596,7596,Delivered,00:44:59,32
1597,7597,Delivered,00:38:59,33
1598,7598,Not Delivered,00:00:00,34
1599,7599,Delivered,00:17:10,1
1600,7600,Delivered,00:50:44,2
1601,7601,Delivered,00:18:49,3
1602,7602,Delivered,00:30:01,4
1603,7603,Delivered,00:39:59,5
1604,7604,Delivered,00:47:43,6
1605,7605,Delivered,00:48:16,7
1606,7606,Delivered,00:18:12,8
1607,7607,Delivered,00:26:12,9
1608,7608,Delivered,00:43:14,10
1609,7609,Delivered,00:19:59,11
1610,7610,Delivered,00:22:59,12
1611,7611,Delivered,00:34:22,13
1612,7612,Delivered,00:24:12,14
1613,7613,Delivered,00:36:58,15
1614,7614,Delivered,00:39:06,16
1615,7615,Delivered,00:43:34,17
1616,7616,Delivered,00:19:29,18
1617,7617,Delivered,00:14:13,19
1618,7618,Delivered,00:24:43,20
1619,7619,Delivered,00:20:05,21
1620,7620,In Transit,00:15:00,22
1621,7621,Delivered,00:38:07,23
1622,7622,Delivered,00:28:48,24
1623,7623,Delivered,00:41:15,25
1624,7624,Delivered,00:46:42,26
1625,7625,Not Delivered,00:00:00,27
1626,7626,Delivered,00:34:08,28
1627,7627,Delivered,00:43:31,29
1628,7628,Delivered,00:48:36,30
1629,7629,Delivered,00:36:24,31
1630,7630,Delivered,00:21:12,32
1631,7631,Not Delivered,00:00:00,33
1632,7632,Delivered,00:27:28,34
1633,7633,In Transit,00:12:57,1
1634,7634,Delivered,00:48:18,2
1635,7635,Delivered,00:33:16,3
1636,7636,Delivered,00:17:46,4
1637,7637,In Transit,00:15:55,5
1638,7638,Not Delivered,00:00:00,6
1639,7639,In Transit,00:20:03,7
1640,7640,Delivered,00:23:55,8
1641,7641,Delivered,00:39:18,9
1642,7642,In Transit,00:11:52,10
1643,7643,Delivered,00:20:27,11
1644,7644,Delivered,00:31:18,12
1645,7645,Delivered,00:17:15,13
1646,7646,Delivered,00:42:13,14
1647,7647,Delivered,00:30:53,15
1648,7648,Delivered,00:20:25,16
1649,7649,Delivered,00:44:34,17
1650,7650,Delivered,00:20:59,18
1651,7651,Delivered,00:23:57,19
1652,7652,Delivered,00:43:47,20
1653,7653,Delivered,00:45:42,21
1654,7654,Delivered,00:46:10,22
1655,7655,Delivered,00:25:04,23
1656,7656,Delivered,00:14:53,24
1657,7657,Delivered,00:24:40,25
1658,7658,Delivered,00:19:56,26
1659,7659,Delivered,00:45:57,27
1660,7660,Delivered,00:48:52,28
1661,7661,Delivered,00:25:06,29
1662,7662,Delivered,00:26:16,30
1663,7663,Delivered,00:47:59,31
1664,7664,Delivered,00:40:10,32
1665,7665,Delivered,00:50:34,33
1666,7666,Delivered,00:35:47,34
1667,7667,Delivered,00:45:50,1
1668,7668,Not Delivered,00:00:00,2
1669,7669,Delivered,00:42:14,3
1670,7670,Delivered,00:41:55,4
1671,7671,Delivered,00:28:55,5
1672,7672,Delivered,00:48:15,6
1673,7673,Delivered,00:21:54,7
1674,7674,Delivered,00:46:11,8
1675,7675,Delivered,00:48:43,9
1676,7676,Delivered,00:34:26,10
1677,7677,In Transit,00:10:21,11
1678,7678,Delivered,00:28:36,12
1679,7679,Delivered,00:42:47,13
1680,7680,Delivered,00:15:31,14
1681,7681,Delivered,00:48:46,15
1682,7682,Delivered,00:41:25,16
1683,7683,Delivered,00:21:29,17
1684,7684,Delivered,00:44:44,18
1685,7685,Delivered,00:17:25,19
1686,7686,Delivered,00:45:15,20
1687,7687,Delivered,00:39:33,21
1688,7688,Delivered,00:23:55,22
1689,7689,In Transit,00:10:23,23
1690,7690,Delivered,00:14:24,24
1691,7691,Delivered,00:48:09,25
1692,7692,Delivered,00:19:42,26
1693,7693,Delivered,00:24:11,27
1694,7694,Delivered,00:28:40,28
1695,7695,Delivered,00:36:20,29
1696,7696,Delivered,00:24:05,30
1697,7697,Delivered,00:39:43,31
1698,7698,Not Delivered,00:00:00,32
1699,7699,Delivered,00:37:00,33
1700,7700,Not Delivered,00:00:00,34
1701,7701,Delivered,00:35:34,1
1702,7702,Delivered,00:42:59,2
1703,7703,Delivered,00:20:43,3
1704,7704,Delivered,00:30:25,4
1705,7705,Delivered,00:50:09,5
1706,7706,Delivered,00:18:33,6
1707,7707,Delivered,00:25:04,7
1708,7708,Delivered,00:50:08,8
1709,7709,Delivered,00:34:36,9
1710,7710,Delivered,00:39:29,10
1711,7711,Not Delivered,00:00:00,11
1712,7712,Not Delivered,00:00:00,12
1713,7713,Delivered,00:16:35,13
1714,7714,Delivered,00:48:49,14
1715,7715,Delivered,00:31:15,15
1716,7716,Delivered,00:41:39,16
1717,7717,Delivered,00:48:18,17
1718,7718,Delivered,00:48:55,18
1719,7719,Delivered,00:15:10,19
1720,7720,In Transit,00:14:57,20
1721,7721,Not Delivered,00:00:00,21
1722,7722,Delivered,00:16:54,22
1723,7723,In Transit,00:20:51,23
1724,7724,Delivered,00:16:38,24
1725,7725,Delivered,00:28:42,25
1726,7726,Delivered,00:48:27,26
1727,7727,Delivered,00:30:32,27
1728,7728,Delivered,00:32:41,28
1729,7729,Delivered,00:22:19,29
1730,7730,Delivered,00:35:54,30
1731,7731,Delivered,00:46:35,31
1732,7732,Delivered,00:18:41,32
1733,7733,Delivered,00:19:18,33
1734,7734,Delivered,00:36:28,34
1735,7735,Delivered,00:48:32,1
1736,7736,Delivered,00:43:51,2
1737,7737,In Transit,00:11:44,3
1738,7738,Delivered,00:42:05,4
1739,7739,Delivered,00:36:59,5
1740,7740,Delivered,00:25:15,6
1741,7741,Delivered,00:48:25,7
1742,7742,Delivered,00:42:24,8
1743,7743,Not Delivered,00:00:00,9
1744,7744,Delivered,00:44:12,10
1745,7745,Delivered,00:48:49,11
1746,7746,Delivered,00:25:01,12
1747,7747,Delivered,00:42:17,13
1748,7748,Delivered,00:38:49,14
1749,7749,Delivered,00:18:39,15
1750,7750,Delivered,00:18:46,16
1751,7751,Delivered,00:43:31,17
1752,7752,Delivered,00:48:31,18
1753,7753,Delivered,00:38:34,19
1754,7754,Delivered,00:23:54,20
1755,7755,Delivered,00:50:58,21
1756,7756,In Transit,00:23:32,22
1757,7757,Delivered,00:45:45,23
1758,7758,Delivered,00:23:53,24
1759,7759,Delivered,00:22:20,25
1760,7760,Delivered,00:47:36,26
1761,7761,Delivered,00:26:31,27
1762,7762,Delivered,00:16:50,28
1763,7763,Delivered,00:48:20,29
1764,7764,Delivered,00:47:00,30
1765,7765,Delivered,00:39:41,31
1766,7766,Delivered,00:25:43,32
1767,7767,Delivered,00:29:23,33
1768,7768,In Transit,00:11:44,34
1769,7769,Not Delivered,00:00:00,1
1770,7770,Delivered,00:31:56,2
1771,7771,Delivered,00:15:42,3
1772,7772,Not Delivered,00:00:00,4
1773,7773,Delivered,00:37:48,5
1774,7774,Delivered,00:38:24,6
1775,7775,Delivered,00:35:43,7
1776,7776,Delivered,00:43:36,8
1777,7777,Delivered,00:16:01,9
1778,7778,Delivered,00:21:10,10
1779,7779,Delivered,00:31:57,11
1780,7780,Delivered,00:48:11,12
1781,7781,Delivered,00:35:54,13
1782,7782,In Transit,00:21:17,14
1783,7783,Not Delivered,00:00:00,15
1784,7784,Not Delivered,00:00:00,16
1785,7785,Delivered,00:30:11,17
1786,7786,Delivered,00:47:25,18
1787,7787,Delivered,00:43:37,19
1788,7788,Delivered,00:39:12,20
1789,7789,Delivered,00:22:22,21
1790,7790,Delivered,00:32:11,22
1791,7791,Delivered,00:29:40,23
1792,7792,Delivered,00:22:43,24
1793,7793,In Transit,00:18:50,25
1794,7794,Delivered,00:39:53,26
1795,7795,Delivered,00:28:55,27
1796,7796,Not Delivered,00:00:00,28
1797,7797,Delivered,00:26:34,29
1798,7798,Delivered,00:50:59,30
1799,7799,Not Delivered,00:00:00,31
1800,7800,Delivered,00:20:21,32
1801,7801,Delivered,00:39:10,33
1802,7802,Delivered,00:30:05,34
1803,7803,Delivered,00:34:11,1
1804,7804,Delivered,00:48:48,2
1805,7805,Delivered,00:35:46,3
1806,7806,Delivered,00:44:11,4
1807,7807,Delivered,00:35:24,5
1808,7808,Delivered,00:24:36,6
1809,7809,Delivered,00:24:25,7
1810,7810,In Transit,00:17:55,8
1811,7811,Delivered,00:28:21,9
1812,7812,Not Delivered,00:00:00,10
1813,7813,Delivered,00:47:38,11
1814,7814,In Transit,00:21:06,12
1815,7815,Delivered,00:28:55,13
1816,7816,Delivered,00:46:06,14
1817,7817,In Transit,00:22:23,15
1818,7818,Not Delivered,00:00:00,16
1819,7819,Delivered,00:37:01,17
1820,7820,Delivered,00:45:33,18
1821,7821,In Transit,00:18:24,19
1822,7822,Delivered,00:49:20,20
1823,7823,Delivered,00:15:39,21
1824,7824,Delivered,00:34:48,22
1825,7825,Delivered,00:45:49,23
1826,7826,Not Delivered,00:00:00,24
1827,7827,Delivered,00:32:52,25
1828,7828,Not Delivered,00:00:00,26
1829,7829,Delivered,00:30:14,27
1830,7830,In Transit,00:10:12,28
1831,7831,Delivered,00:33:40,29
1832,7832,In Transit,00:13:56,30
1833,7833,Delivered,00:46:52,31
1834,7834,Delivered,00:50:04,32
1835,7835,Delivered,00:21:58,33
1836,7836,Delivered,00:44:38,34
1837,7837,Delivered,00:44:10,1
1838,7838,Delivered,00:17:12,2
1839,7839,Delivered,00:47:53,3
1840,7840,Delivered,00:35:37,4
1841,7841,Delivered,00:29:17,5
1842,7842,Delivered,00:16:05,6
1843,7843,Not Delivered,00:00:00,7
1844,7844,Delivered,00:37:13,8
1845,7845,Delivered,00:39:19,9
1846,7846,Delivered,00:19:20,10
1847,7847,Not Delivered,00:00:00,11
1848,7848,Delivered,00:32:29,12
1849,7849,Delivered,00:20:20,13
1850,7850,Delivered,00:34:12,14
1851,7851,In Transit,00:13:13,15
1852,7852,Delivered,00:25:23,16
1853,7853,Delivered,00:27:52,17
1854,7854,Delivered,00:40:30,18
1855,7855,Delivered,00:47:06,19
1856,7856,Delivered,00:29:51,20
1857,7857,Delivered,00:41:28,21
1858,7858,Delivered,00:34:02,22
1859,7859,Not Delivered,00:00:00,23
1860,7860,Delivered,00:15:39,24
1861,7861,Not Delivered,00:00:00,25
1862,7862,Delivered,00:31:54,26
1863,7863,Delivered,00:23:44,27
1864,7864,Not Delivered,00:00:00,28
1865,7865,Delivered,00:20:18,29
1866,7866,Delivered,00:19:02,30
1867,7867,Delivered,00:36:11,31
1868,7868,Delivered,00:43:24,32
1869,7869,In Transit,00:13:44,33
1870,7870,Delivered,00:47:30,34
1871,7871,In Transit,00:11:38,1
1872,7872,In Transit,00:14:48,2
1873,7873,Delivered,00:44:00,3
1874,7874,Delivered,00:31:23,4
1875,7875,Delivered,00:22:15,5
1876,7876,Not Delivered,00:00:00,6
1877,7877,Delivered,00:46:33,7
1878,7878,Delivered,00:49:54,8
1879,7879,Delivered,00:36:25,9
1880,7880,Not Delivered,00:00:00,10
1881,7881,Delivered,00:24:56,11
1882,7882,Delivered,00:22:59,12
1883,7883,Delivered,00:35:35,13
1884,7884,Delivered,00:41:26,14
1885,7885,Delivered,00:17:20,15
1886,7886,Delivered,00:46:26,16
1887,7887,In Transit,00:24:34,17
1888,7888,Delivered,00:42:17,18
1889,7889,Delivered,00:33:55,19
1890,7890,Delivered,00:24:08,20
1891,7891,Delivered,00:45:45,21
1892,7892,Delivered,00:35:32,22
1893,7893,Delivered,00:35:47,23
1894,7894,Delivered,00:31:34,24
1895,7895,Delivered,00:35:46,25
1896,7896,Delivered,00:41:23,26
1897,7897,Delivered,00:34:50,27
1898,7898,Delivered,00:32:11,28
1899,7899,Delivered,00:46:08,29
1900,7900,Delivered,00:33:39,30
1901,7901,Delivered,00:21:05,31
1902,7902,Delivered,00:41:21,32
1903,7903,Delivered,00:15:08,33
1904,7904,Delivered,00:14:56,34
1905,7905,Delivered,00:16:02,1
1906,7906,Delivered,00:23:51,2
1907,7907,In Transit,00:19:23,3
1908,7908,Delivered,00:28:37,4
1909,7909,Delivered,00:28:04,5
1910,7910,Delivered,00:29:08,6
1911,7911,Delivered,00:21:51,7
1912,7912,Delivered,00:34:55,8
1913,7913,In Transit,00:20:04,9
1914,7914,Delivered,00:27:00,10
1915,7915,Delivered,00:34:21,11
1916,7916,Delivered,00:44:02,12
1917,7917,Delivered,00:47:13,13
1918,7918,In Transit,00:23:35,14
1919,7919,Delivered,00:25:43,15
1920,7920,Delivered,00:20:18,16
1921,7921,Delivered,00:33:18,17
1922,7922,Delivered,00:47:33,18
1923,7923,Not Delivered,00:00:00,19
1924,7924,Delivered,00:38:24,20
1925,7925,Delivered,00:45:09,21
1926,7926,Delivered,00:45:54,22
1927,7927,Delivered,00:28:27,23
1928,7928,In Transit,00:24:57,24
1929,7929,Not Delivered,00:00:00,25
1930,7930,Delivered,00:42:46,26
1931,7931,Delivered,00:32:41,27
1932,7932,Delivered,00:40:09,28
1933,7933,Delivered,00:14:08,29
1934,7934,Delivered,00:37:54,30
1935,7935,Delivered,00:46:47,31
1936,7936,Delivered,00:24:58,32
1937,7937,Delivered,00:37:18,33
1938,7938,Delivered,00:27:04,34
1939,7939,Not Delivered,00:00:00,1
1940,7940,Delivered,00:47:13,2
1941,7941,In Transit,00:15:45,3
1942,7942,Delivered,00:48:51,4
1943,7943,Delivered,00:20:47,5
1944,7944,Delivered,00:22:12,6
1945,7945,Delivered,00:18:08,7
1946,7946,Delivered,00:26:38,8
1947,7947,In Transit,00:14:56,9
1948,7948,Delivered,00:14:40,10
1949,7949,Delivered,00:33:39,11
1950,7950,Not Delivered,00:00:00,12
1951,7951,In Transit,00:12:03,13
1952,7952,Delivered,00:38:47,14
1953,7953,Delivered,00:14:56,15
1954,7954,Delivered,00:19:33,16
1955,7955,In Transit,00:17:26,17
1956,7956,Not Delivered,00:00:00,18
1957,7957,Delivered,00:30:31,19
1958,7958,Delivered,00:24:13,20
1959,7959,Delivered,00:49:29,21
1960,7960,In Transit,00:21:01,22
1961,7961,Delivered,00:48:10,23
1962,7962,Delivered,00:44:25,24
1963,7963,Delivered,00:47:45,25
1964,7964,Delivered,00:19:42,26
1965,7965,Delivered,00:43:11,27
1966,7966,Delivered,00:25:57,28
1967,7967,Delivered,00:36:30,29
1968,7968,Not Delivered,00:00:00,30
1969,7969,Delivered,00:43:20,31
1970,7970,In Transit,00:18:47,32
1971,7971,Delivered,00:37:35,33
1972,7972,Delivered,00:31:30,34
1973,7973,Delivered,00:22:24,1
1974,7974,Delivered,00:23:55,2
1975,7975,Delivered,00:50:02,3
1976,7976,Delivered,00:34:09,4
1977,7977,Not Delivered,00:00:00,5
1978,7978,Delivered,00:19:32,6
1979,7979,Delivered,00:43:24,7
1980,7980,Delivered,00:49:15,8
1981,7981,Delivered,00:20:25,9
1982,7982,Delivered,00:17:35,10
1983,7983,Delivered,00:25:45,11
1984,7984,Delivered,00:42:07,12
1985,7985,Delivered,00:44:11,13
1986,7986,In Transit,00:12:29,14
1987,7987,Delivered,00:27:12,15
1988,7988,Delivered,00:42:50,16
1989,7989,Delivered,00:27:59,17
1990,7990,Delivered,00:50:41,18
1991,7991,Delivered,00:25:53,19
1992,7992,In Transit,00:10:20,20
1993,7993,Delivered,00:25:11,21
1994,7994,Delivered,00:23:36,22
1995,7995,In Transit,00:16:47,23
1996,7996,Delivered,00:40:56,24
1997,7997,Not Delivered,00:00:00,25
1998,7998,In Transit,00:15:06,26
1999,7999,In Transit,00:23:51,27
2000,8000,Delivered,00:34:42,28
